{
    "Q2": 0.25111272727033596,
    "Q2 (no nli)": 0.16200119844828081
}