{
    "Q2": 0.11838582334098287,
    "Q2 (no nli)": 0.09652856685191945
}