{
    "Q2": 0.7712522045855379,
    "Q2 (no nli)": 0.684429693763027
}