{
    "Q2": 0.16859421692899987,
    "Q2 (no nli)": 0.1333409783864759
}