{
    "Q2": 0.6922119883040936,
    "Q2 (no nli)": 0.5246125013712732
}