{
    "Q2": 0.5982267614954629,
    "Q2 (no nli)": 0.574501406693788
}