{
    "Q2": 0.12405903568919839,
    "Q2 (no nli)": 0.10110665473681744
}