{
    "Q2": 0.11222766083843909,
    "Q2 (no nli)": 0.09009800405531697
}