{
    "Q2": 0.15769687568721463,
    "Q2 (no nli)": 0.1248700289904061
}