{
    "Q2": 0.10079094942726574,
    "Q2 (no nli)": 0.06638784613612701
}